CO_ENTIDADE,NO_ENTIDADE,NO_MUNICIPIO,NO_CURSO_EDUC_PROFISSIONAL
32025920,CEEFMTI AFONSO CLAUDIO,Afonso Cláudio,Informática para Internet
32005067,CEIER DE AGUIA BRANCA,Águia Branca,Agropecuária
32000057,EEEFM SEBASTIAO COIMBRA ELIZEU,Água Doce do Norte,Manutenção e Suporte em Informática
32045360,EEEFM PROFESSOR PEDRO SIMAO,Alegre,Análises clínicas
32045360,EEEFM PROFESSOR PEDRO SIMAO,Alegre,Administração
32045360,EEEFM PROFESSOR PEDRO SIMAO,Alegre,Design Gráfico
32045379,CEEFMTI ARISTEU AGUIAR,Alegre,Sistemas de Energia Renovável
32046022,EEEFM JOSE CORRENTE,Alegre,Agronegócio
32046103,EEEFM SIRENA REZENDE FONSECA,Alegre,Informática para Internet
32046219,IFES - CAMPUS DE ALEGRE,Alegre,Informática
32046219,IFES - CAMPUS DE ALEGRE,Alegre,Agroindústria
32046219,IFES - CAMPUS DE ALEGRE,Alegre,Agropecuária
32041756,EEEFM CAMILA MOTTA,Alfredo Chaves,Meio Ambiente
32041756,EEEFM CAMILA MOTTA,Alfredo Chaves,Administração
32041756,EEEFM CAMILA MOTTA,Alfredo Chaves,Guia de Turismo
32041772,ESCOLA FAMILIA AGRICOLA DE ALFREDO CHAVES - MEPES,Alfredo Chaves,Agropecuária
32042647,EEEFM CORONEL GOMES DE OLIVEIRA,Anchieta,Administração
32043171,ESCOLA FAMILIA AGRICOLA DE OLIVANIA - MEPES,Anchieta,Agropecuária
32079710,ESCOLA FAMILIA TURISMO PIETROGRANDE - MEPES,Anchieta,Serviços de Restaurante e Bar
32079893,SENAI ES - CENTRO DE EDUCACAO PROFISSIONAL LUCAS IZOTON VIEIRA,Anchieta,Eletrotécnica
32082231,CEEMTI PAULO FREIRE,Anchieta,Eletromecânica
32082231,CEEMTI PAULO FREIRE,Anchieta,Eletrotécnica
32082231,CEEMTI PAULO FREIRE,Anchieta,Mecânica
32082231,CEEMTI PAULO FREIRE,Anchieta,Sistemas de Energia Renovável
32082231,CEEMTI PAULO FREIRE,Anchieta,Administração
32082231,CEEMTI PAULO FREIRE,Anchieta,Química
32082231,CEEMTI PAULO FREIRE,Anchieta,Segurança do Trabalho
32050984,EEEFM CANDIDA POVOA,Apiacá,Comércio
32073330,EEEFM MISAEL PINTO NETTO,Aracruz,Administração
32077076,CENTRO DE FORMACAO PROFISSIONAL E TECNOLOGICA CICLOS LTDA,Aracruz,Enfermagem
32077076,CENTRO DE FORMACAO PROFISSIONAL E TECNOLOGICA CICLOS LTDA,Aracruz,Radiologia
32077076,CENTRO DE FORMACAO PROFISSIONAL E TECNOLOGICA CICLOS LTDA,Aracruz,Automação Industrial
32077076,CENTRO DE FORMACAO PROFISSIONAL E TECNOLOGICA CICLOS LTDA,Aracruz,Eletrotécnica
32077076,CENTRO DE FORMACAO PROFISSIONAL E TECNOLOGICA CICLOS LTDA,Aracruz,Mecânica
32077076,CENTRO DE FORMACAO PROFISSIONAL E TECNOLOGICA CICLOS LTDA,Aracruz,Mecatrônica
32077076,CENTRO DE FORMACAO PROFISSIONAL E TECNOLOGICA CICLOS LTDA,Aracruz,Administração
32077076,CENTRO DE FORMACAO PROFISSIONAL E TECNOLOGICA CICLOS LTDA,Aracruz,Logística
32077076,CENTRO DE FORMACAO PROFISSIONAL E TECNOLOGICA CICLOS LTDA,Aracruz,Recursos Humanos
32077076,CENTRO DE FORMACAO PROFISSIONAL E TECNOLOGICA CICLOS LTDA,Aracruz,Segurança do Trabalho
32080565,SENAI ES - CENTRO DE EDUCACAO PROFISSIONAL SERGIO ROGERIO DE CASTRO,Aracruz,Eletromecânica
32080565,SENAI ES - CENTRO DE EDUCACAO PROFISSIONAL SERGIO ROGERIO DE CASTRO,Aracruz,Eletrotécnica
32080565,SENAI ES - CENTRO DE EDUCACAO PROFISSIONAL SERGIO ROGERIO DE CASTRO,Aracruz,Mecânica
32080565,SENAI ES - CENTRO DE EDUCACAO PROFISSIONAL SERGIO ROGERIO DE CASTRO,Aracruz,Logística
32080565,SENAI ES - CENTRO DE EDUCACAO PROFISSIONAL SERGIO ROGERIO DE CASTRO,Aracruz,Segurança do Trabalho
32102003,IFES - CAMPUS ARACRUZ,Aracruz,Mecânica
32102003,IFES - CAMPUS ARACRUZ,Aracruz,Química
32051328,EEEFM FERNANDO DE ABREU,Atílio Vivácqua,Administração
32051328,EEEFM FERNANDO DE ABREU,Atílio Vivácqua,Manutenção e Suporte em Informática
32009461,EEEFM JOSE DAMASCENO FILHO,Baixo Guandu,Administração
32080867,CEEMTI BAIXO GUANDU,Baixo Guandu,Análises clínicas
32080867,CEEMTI BAIXO GUANDU,Baixo Guandu,Informática para Internet
32080867,CEEMTI BAIXO GUANDU,Baixo Guandu,Manutenção e Suporte em Informática
32000987,CEEFMTI JOAO XXIII,Barra de São Francisco,Manutenção e Suporte em Informática
32078226,ESCOLA FAMILIA AGRICOLA JACYRA DE PAULA MINIGUITE - MEPES,Barra de São Francisco,Agropecuária
32081332,IFES - CAMPUS BARRA DE SAO FRANCISCO,Barra de São Francisco,Outros - Eixo Gestão e Negócios
32081332,IFES - CAMPUS BARRA DE SAO FRANCISCO,Barra de São Francisco,Outros - Eixo Recursos Naturais
32005504,ESCOLA FAMILIA AGRICOLA DE ENSINO MEDIO E EDUCACAO PROFISSIONAL DE BOA ESPERANCA - MEPES,Boa Esperança,Agropecuária
32005601,CEIER DE BOA ESPERANCA,Boa Esperança,Agropecuária
32005652,EEEFM ANTONIO DOS SANTOS NEVES,Boa Esperança,Informática para Internet
32005954,EEEFM SOBRADINHO,Boa Esperança,Vendas
32026552,EEEFM ALVARO CASTELO,Brejetuba,Administração
32026846,EEEFM SAO JORGE,Brejetuba,Agropecuária
32052103,EEEM CEI ATTILA DE ALMEIDA MIRANDA,Cachoeiro de Itapemirim,Recursos Humanos
32052103,EEEM CEI ATTILA DE ALMEIDA MIRANDA,Cachoeiro de Itapemirim,Manutenção e Suporte em Informática
32052103,EEEM CEI ATTILA DE ALMEIDA MIRANDA,Cachoeiro de Itapemirim,Segurança do Trabalho
32052189,EEEFM AGOSTINHO SIMONATO,Cachoeiro de Itapemirim,Administração
32052189,EEEFM AGOSTINHO SIMONATO,Cachoeiro de Itapemirim,Recursos Humanos
32052308,CEEFMTI FRANCISCO COELHO AVILA JUNIOR,Cachoeiro de Itapemirim,Administração
32052529,EEEFM PRESIDENTE GETULIO VARGAS,Cachoeiro de Itapemirim,Análises clínicas
32052529,EEEFM PRESIDENTE GETULIO VARGAS,Cachoeiro de Itapemirim,Redes de Computadores
32052529,EEEFM PRESIDENTE GETULIO VARGAS,Cachoeiro de Itapemirim,Análises Químicas
32052545,EEEFM PROF CLAUDIONOR RIBEIRO,Cachoeiro de Itapemirim,Informática para Internet
32052545,EEEFM PROF CLAUDIONOR RIBEIRO,Cachoeiro de Itapemirim,Manutenção e Suporte em Informática
32052723,CE SAO CAMILO - ICE,Cachoeiro de Itapemirim,Enfermagem
32052731,CEEFMTI LICEU MUNIZ FREIRE,Cachoeiro de Itapemirim,Administração
32052731,CEEFMTI LICEU MUNIZ FREIRE,Cachoeiro de Itapemirim,Informática para Internet
32052731,CEEFMTI LICEU MUNIZ FREIRE,Cachoeiro de Itapemirim,Segurança do Trabalho
32052847,EEEFM PROF PETRONILHA VIDIGAL,Cachoeiro de Itapemirim,Química
32052847,EEEFM PROF PETRONILHA VIDIGAL,Cachoeiro de Itapemirim,Segurança do Trabalho
32053860,EEEFM ZACHEU MOREIRA DA FRAGA,Cachoeiro de Itapemirim,Secretariado
32053860,EEEFM ZACHEU MOREIRA DA FRAGA,Cachoeiro de Itapemirim,Vendas
32079583,IFES - CAMPUS CACHOEIRO DE ITAPEMIRIM,Cachoeiro de Itapemirim,Eletromecânica
32079583,IFES - CAMPUS CACHOEIRO DE ITAPEMIRIM,Cachoeiro de Itapemirim,Mecânica
32079583,IFES - CAMPUS CACHOEIRO DE ITAPEMIRIM,Cachoeiro de Itapemirim,Informática
32079583,IFES - CAMPUS CACHOEIRO DE ITAPEMIRIM,Cachoeiro de Itapemirim,Informática para Internet
32079583,IFES - CAMPUS CACHOEIRO DE ITAPEMIRIM,Cachoeiro de Itapemirim,Mineração
32079702,SENAI ES - CENTRO DE EDUCACAO PROFISSIONAL AUREO VIANNA MAMERI,Cachoeiro de Itapemirim,Eletrotécnica
32079702,SENAI ES - CENTRO DE EDUCACAO PROFISSIONAL AUREO VIANNA MAMERI,Cachoeiro de Itapemirim,Manutenção Automotiva
32079702,SENAI ES - CENTRO DE EDUCACAO PROFISSIONAL AUREO VIANNA MAMERI,Cachoeiro de Itapemirim,Desenvolvimento de Sistemas
32081499,IPES - ESCOLA DE SAUDE,Cachoeiro de Itapemirim,Enfermagem
32084188,SEST SENAT POLO CACHOEIRO DE ITAPEMIRIM,Cachoeiro de Itapemirim,Logística
32101627,ESCOLA NOVO APOGEU EDUCACIONAL - NAPE,Cachoeiro de Itapemirim,Análises clínicas
32101627,ESCOLA NOVO APOGEU EDUCACIONAL - NAPE,Cachoeiro de Itapemirim,Enfermagem
32101627,ESCOLA NOVO APOGEU EDUCACIONAL - NAPE,Cachoeiro de Itapemirim,Radiologia
32134002,ESCOLA FAMILIA AGRICOLA DE CACHOEIRO DE ITAPEMIRIM - MEPES,Cachoeiro de Itapemirim,Agropecuária
32033796,EEEFM MARIA DE LOURDES POYARES LABUTO,Cariacica,Manutenção e Suporte em Informática
32033796,EEEFM MARIA DE LOURDES POYARES LABUTO,Cariacica,Redes de Computadores
32033826,EEEFM JOSE RODRIGUES COUTINHO,Cariacica,Logística
32033940,EEEFM SATURNINO RANGEL MAURO,Cariacica,Logística
32033940,EEEFM SATURNINO RANGEL MAURO,Cariacica,Informática para Internet
32033940,EEEFM SATURNINO RANGEL MAURO,Cariacica,Redes de Computadores
32034016,EEEFM ANA LOPES BALESTRERO,Cariacica,Comércio
32034040,EEEFM SAO JOAO BATISTA - CARIACICA,Cariacica,Informática para Internet
32034040,EEEFM SAO JOAO BATISTA - CARIACICA,Cariacica,Redes de Computadores
32034644,EEEFM JOSE VITOR FILHO,Cariacica,Administração
32034644,EEEFM JOSE VITOR FILHO,Cariacica,Logística
32034652,EEEFM JESUS CRISTO REI,Cariacica,Comércio
32034652,EEEFM JESUS CRISTO REI,Cariacica,Logística
32034857,CEEFMTI PROFESSORA MARIA PENEDO,Cariacica,Administração
32034857,CEEFMTI PROFESSORA MARIA PENEDO,Cariacica,Logística
32034954,EEEFM THEODOMIRO RIBEIRO COELHO,Cariacica,Administração
32034954,EEEFM THEODOMIRO RIBEIRO COELHO,Cariacica,Recursos Humanos
32035004,EEEFM ALZIRA RAMOS,Cariacica,Informática para Internet
32035004,EEEFM ALZIRA RAMOS,Cariacica,Redes de Computadores
32035012,EEEFM ARY PARREIRAS,Cariacica,Logística
32035012,EEEFM ARY PARREIRAS,Cariacica,Design Gráfico
32035039,EEEFM HUNNEY EVEREST PIOVESAN,Cariacica,Administração
32035039,EEEFM HUNNEY EVEREST PIOVESAN,Cariacica,Comércio
32035080,EEEFM PROF JOAQUIM BARBOSA QUITIBA,Cariacica,Informática para Internet
32035080,EEEFM PROF JOAQUIM BARBOSA QUITIBA,Cariacica,Manutenção e Suporte em Informática
32035080,EEEFM PROF JOAQUIM BARBOSA QUITIBA,Cariacica,Redes de Computadores
32035098,CEEFMTI PROFESSOR JOSE LEAO NUNES,Cariacica,Logística
32035098,CEEFMTI PROFESSOR JOSE LEAO NUNES,Cariacica,Recursos Humanos
32066163,CEDTEC ENSINO E SOLUCOES DIDATICAS LTDA,Cariacica,Enfermagem
32066163,CEDTEC ENSINO E SOLUCOES DIDATICAS LTDA,Cariacica,Radiologia
32066163,CEDTEC ENSINO E SOLUCOES DIDATICAS LTDA,Cariacica,Eletrotécnica
32066163,CEDTEC ENSINO E SOLUCOES DIDATICAS LTDA,Cariacica,Mecânica
32066163,CEDTEC ENSINO E SOLUCOES DIDATICAS LTDA,Cariacica,Segurança do Trabalho
32073445,EEEFM NEA SALLES NUNES PEREIRA,Cariacica,Logística
32073445,EEEFM NEA SALLES NUNES PEREIRA,Cariacica,Recursos Humanos
32076363,COLEGIO LUSIADAS,Cariacica,Análises clínicas
32076363,COLEGIO LUSIADAS,Cariacica,Enfermagem
32076363,COLEGIO LUSIADAS,Cariacica,Estética
32076363,COLEGIO LUSIADAS,Cariacica,Eletrotécnica
32076363,COLEGIO LUSIADAS,Cariacica,Mecânica
32076363,COLEGIO LUSIADAS,Cariacica,Refrigeração e Climatização
32076363,COLEGIO LUSIADAS,Cariacica,Sistemas a Gás
32076363,COLEGIO LUSIADAS,Cariacica,Administração
32076363,COLEGIO LUSIADAS,Cariacica,Logística
32076363,COLEGIO LUSIADAS,Cariacica,Segurança do Trabalho
32076410,EEEFM DR JOSE MOYSES,Cariacica,Marketing
32080824,IFES - CAMPUS CARIACICA,Cariacica,Manutenção de Sistemas Metroferroviários
32080824,IFES - CAMPUS CARIACICA,Cariacica,Administração
32080824,IFES - CAMPUS CARIACICA,Cariacica,Logística
32080824,IFES - CAMPUS CARIACICA,Cariacica,Portos
32083548,GRAU TECNICO CARIACICA,Cariacica,Enfermagem
32083548,GRAU TECNICO CARIACICA,Cariacica,Radiologia
32083548,GRAU TECNICO CARIACICA,Cariacica,Administração
32084196,SEST SENAT A 12 - CARIACICA,Cariacica,Segurança do Trabalho
32054092,EEEFM JOAO BLEY,Castelo,Administração
32054092,EEEFM JOAO BLEY,Castelo,Logística
32054092,EEEFM JOAO BLEY,Castelo,Informática para Internet
32054092,EEEFM JOAO BLEY,Castelo,Agronegócio
32054092,EEEFM JOAO BLEY,Castelo,Segurança do Trabalho
32054343,CEET EMILIO NEMER,Castelo,Contabilidade
32054343,CEET EMILIO NEMER,Castelo,Outros - Eixo Informação e Comunicação
32079397,ESCOLA FAMILIA AGRICOLA DE CASTELO - MEPES,Castelo,Agropecuária
32010702,CEEFMTI CONDE DE LINHARES,Colatina,Gerência de Saúde
32010702,CEEFMTI CONDE DE LINHARES,Colatina,Publicidade
32010710,EEEFM GERALDO VARGAS NOGUEIRA,Colatina,Logística
32010710,EEEFM GERALDO VARGAS NOGUEIRA,Colatina,Recursos Humanos
32010729,EEEFM HONORIO FRAGA,Colatina,Informática para Internet
32010737,CENTRO DE EDUCACAO BASICA E PROFISSIONAL CASTELO BRANCO,Colatina,Enfermagem
32010745,EEEFM PROF CAROLINA PICHLER,Colatina,Logística
32010753,EEEFM RUBENS RANGEL,Colatina,Administração
32010753,EEEFM RUBENS RANGEL,Colatina,Segurança do Trabalho
32010800,IFES - CAMPUS COLATINA,Colatina,Meio Ambiente
32010800,IFES - CAMPUS COLATINA,Colatina,Administração
32010800,IFES - CAMPUS COLATINA,Colatina,Informática para Internet
32010800,IFES - CAMPUS COLATINA,Colatina,Manutenção e Suporte em Informática
32010800,IFES - CAMPUS COLATINA,Colatina,Edificações
32012152,IFES - CAMPUS ITAPINA,Colatina,Alimentos
32012152,IFES - CAMPUS ITAPINA,Colatina,Agropecuária
32012152,IFES - CAMPUS ITAPINA,Colatina,Zootecnia
32064950,CENTRO DE EDUCACAO BASICA SESI RAUL GIUBERTI,Colatina,Eletrotécnica
32082096,ITECBRASIL,Colatina,Secretaria Escolar
32082096,ITECBRASIL,Colatina,Administração
32082096,ITECBRASIL,Colatina,Logística
32082096,ITECBRASIL,Colatina,Recursos Humanos
32082096,ITECBRASIL,Colatina,Transações Imobiliárias
32082096,ITECBRASIL,Colatina,Segurança do Trabalho
32082924,ESCOLA TECNICA EVOLUCAO - EVOTEC,Colatina,Enfermagem
32101805,ENFERTEC - ESCOLA TECNICA DE SAUDE,Colatina,Enfermagem
32133006,SENAI ES - CENTRO DE EDUCACAO PROFISSIONAL ALBANO FRANCO,Colatina,Eletromecânica
32133006,SENAI ES - CENTRO DE EDUCACAO PROFISSIONAL ALBANO FRANCO,Colatina,Eletrotécnica
32133006,SENAI ES - CENTRO DE EDUCACAO PROFISSIONAL ALBANO FRANCO,Colatina,Mecânica
32096801,EEEFM AUGUSTO DE OLIVEIRA,Conceição da Barra,Manutenção e Suporte em Informática
32096801,EEEFM AUGUSTO DE OLIVEIRA,Conceição da Barra,Química
32046383,EEEFM JUVENAL NOLASCO,Divino de São Lourenço,Agronegócio
32028580,EEEFM TEOFILO PAULINO,Domingos Martins,Informática para Internet
32029292,EEEFM GISELA SALLOKER FAYET,Domingos Martins,Agronegócio
32046634,EEEFM PEDRO DE ALCANTARA GALVEAS,Dores do Rio Preto,Guia de Turismo
32046634,EEEFM PEDRO DE ALCANTARA GALVEAS,Dores do Rio Preto,Agronegócio
32003005,EEEFM ECOPORANGA,Ecoporanga,Informática para Internet
32020910,CEEFMTI NAIR MIRANDA,Fundão,Administração
32046901,EEEFM ANTONIO CARNEIRO RIBEIRO,Guaçuí,Análises clínicas
32046901,EEEFM ANTONIO CARNEIRO RIBEIRO,Guaçuí,Edificações
32046901,EEEFM ANTONIO CARNEIRO RIBEIRO,Guaçuí,Design de Interiores
32047002,CEEFMTI MONSENHOR MIGUEL DE SANCTIS,Guaçuí,Design de Interiores
32077998,CEFTAC - CENTRO EDUCACIONAL DE FORMACAO TECNICA ALTO CAPARAO,Guaçuí,Outros - Eixo Ambiente e Saúde
32043660,EEEFM ZULEIMA FORTES FARIA,Guarapari,Administração
32043660,EEEFM ZULEIMA FORTES FARIA,Guarapari,Comércio
32043660,EEEFM ZULEIMA FORTES FARIA,Guarapari,Segurança do Trabalho
32043686,EEEM DOUTOR SILVA MELLO,Guarapari,Informática para Internet
32043686,EEEM DOUTOR SILVA MELLO,Guarapari,Design Gráfico
32043686,EEEM DOUTOR SILVA MELLO,Guarapari,Produção de Áudio e Vídeo
32043694,EEEFM LYRA RIBEIRO SANTOS,Guarapari,Administração
32101619,CEDTEC - ENSINO E SOLUCOES DIDATICAS LTDA,Guarapari,Enfermagem
32101619,CEDTEC - ENSINO E SOLUCOES DIDATICAS LTDA,Guarapari,Radiologia
32101619,CEDTEC - ENSINO E SOLUCOES DIDATICAS LTDA,Guarapari,Eletroeletrônica
32101619,CEDTEC - ENSINO E SOLUCOES DIDATICAS LTDA,Guarapari,Eletrotécnica
32101619,CEDTEC - ENSINO E SOLUCOES DIDATICAS LTDA,Guarapari,Mecânica
32101619,CEDTEC - ENSINO E SOLUCOES DIDATICAS LTDA,Guarapari,Segurança do Trabalho
32130007,IFES - CAMPUS GUARAPARI,Guarapari,Eletrotécnica
32130007,IFES - CAMPUS GUARAPARI,Guarapari,Mecânica
32130007,IFES - CAMPUS GUARAPARI,Guarapari,Administração
32130007,IFES - CAMPUS GUARAPARI,Guarapari,Comércio
32047720,EEEFM PROFESSORA MARIA TRINDADE DE OLIVEIRA,Ibatiba,Eletromecânica
32047720,EEEFM PROFESSORA MARIA TRINDADE DE OLIVEIRA,Ibatiba,Segurança do Trabalho
32078501,IFES - CAMPUS IBATIBA,Ibatiba,Meio Ambiente
32078501,IFES - CAMPUS IBATIBA,Ibatiba,Florestas
32021194,EEEFM NARCEU DE PAIVA FILHO,Ibiraçu,Informática para Internet
32048092,EEEFM ANTONIO LEMOS JUNIOR,Ibitirama,Administração
32081278,ESCOLA FAMILIA AGRICOLA DE IBITIRAMA - MEPES,Ibitirama,Agropecuária
32044364,EEEFM CEL ANTONIO DUARTE,Iconha,Meio Ambiente
32044364,EEEFM CEL ANTONIO DUARTE,Iconha,Administração
32044364,EEEFM CEL ANTONIO DUARTE,Iconha,Agronegócio
32048459,EEEFM BERNARDO HORTA,Irupi,Eletrotécnica
32048459,EEEFM BERNARDO HORTA,Irupi,Agronegócio
32048459,EEEFM BERNARDO HORTA,Irupi,Cafeicultura
32030584,EEEFM EURICO SALLES,Itaguaçu,Administração
32030584,EEEFM EURICO SALLES,Itaguaçu,Comércio
32059906,EEEFM LEOPOLDINO ROCHA,Itapemirim,Administração
32059965,CEEFMTI WASHINGTON PINHEIRO MEIRELLES,Itapemirim,Administração
32059965,CEEFMTI WASHINGTON PINHEIRO MEIRELLES,Itapemirim,Marketing
32031289,EEEFM PROF ALEYDE COSME,Itarana,Agronegócio
32048920,CEEFMTI HENRIQUE COUTINHO,Iúna,Vendas
32048920,CEEFMTI HENRIQUE COUTINHO,Iúna,Publicidade
32078587,EEEFM SANTISSIMA TRINDADE,Iúna,Comércio
32078587,EEEFM SANTISSIMA TRINDADE,Iúna,Agronegócio
32081545,CETESC - CENTRO DE ENSINO TECNICO E SUPERIOR CAPIXABA - LTDA - ME,Iúna,Enfermagem
32016700,EEEM PEDRO PAULO GROBERIO,Jaguaré,Comércio
32061765,ESCOLA FAMILIA AGRICOLA DE JAGUARE - MEPES,Jaguaré,Agropecuária
32055510,EEEFM JERONIMO MONTEIRO,Jerônimo Monteiro,Informática para Internet
32055510,EEEFM JERONIMO MONTEIRO,Jerônimo Monteiro,Agronegócio
32021550,EEEFM JOAO NEIVA,João Neiva,Informática para Internet
32080204,CEET TALMO LUIZ SILVA,João Neiva,Estética
32080204,CEET TALMO LUIZ SILVA,João Neiva,Automação Industrial
32080204,CEET TALMO LUIZ SILVA,João Neiva,Mecânica
32080204,CEET TALMO LUIZ SILVA,João Neiva,Outros - Eixo Controle e Processos Industriais
32080204,CEET TALMO LUIZ SILVA,João Neiva,Administração
32080204,CEET TALMO LUIZ SILVA,João Neiva,Gastronomia
32080204,CEET TALMO LUIZ SILVA,João Neiva,Segurança do Trabalho
32021933,CEEFMTI BARTOUVINO COSTA,Linhares,Análises clínicas
32022158,EEEFM PROFESSORA REGINA BANHOS PAIXAO,Linhares,Administração
32022158,EEEFM PROFESSORA REGINA BANHOS PAIXAO,Linhares,Segurança do Trabalho
32022212,EEEFM POLIVALENTE DE LINHARES I,Linhares,Manutenção e Suporte em Informática
32022360,EEEM EMIR DE MACEDO GOMES,Linhares,Informática para Internet
32022360,EEEM EMIR DE MACEDO GOMES,Linhares,Química
32022778,EEEFM PROFESSOR MANOEL ABREU,Linhares,Logística
32075936,EEEFM PROFESSORA ANTONIETA BANHOS FERNANDES,Linhares,Administração
32075936,EEEFM PROFESSORA ANTONIETA BANHOS FERNANDES,Linhares,Informática para Internet
32075936,EEEFM PROFESSORA ANTONIETA BANHOS FERNANDES,Linhares,Manutenção e Suporte em Informática
32079850,SENAI ES - CENTRO DE EDUCACAO PROFISSIONAL EURICO DE AGUIAR SALLES,Linhares,Eletromecânica
32079850,SENAI ES - CENTRO DE EDUCACAO PROFISSIONAL EURICO DE AGUIAR SALLES,Linhares,Eletrotécnica
32079850,SENAI ES - CENTRO DE EDUCACAO PROFISSIONAL EURICO DE AGUIAR SALLES,Linhares,Mecânica
32079850,SENAI ES - CENTRO DE EDUCACAO PROFISSIONAL EURICO DE AGUIAR SALLES,Linhares,Desenvolvimento de Sistemas
32100019,ESCOLA TECNICA DE LINHARES,Linhares,Enfermagem
32100019,ESCOLA TECNICA DE LINHARES,Linhares,Outros - Eixo Ambiente e Saúde
32100019,ESCOLA TECNICA DE LINHARES,Linhares,Eletrotécnica
32100019,ESCOLA TECNICA DE LINHARES,Linhares,Mecânica
32100019,ESCOLA TECNICA DE LINHARES,Linhares,Segurança do Trabalho
32102070,IFES - CAMPUS LINHARES,Linhares,Meio Ambiente
32102070,IFES - CAMPUS LINHARES,Linhares,Automação Industrial
32102070,IFES - CAMPUS LINHARES,Linhares,Administração
32059868,EEEM PROF JOSE VEIGA DA SILVA,Marataízes,Administração
32062303,COLEGIO PAULO FREIRE,Marataízes,Enfermagem
32029012,EEEFM VICTORIO BRAVIM,Marechal Floriano,Agropecuária
32029993,EEEFM EMILIO OSCAR HULLE,Marechal Floriano,Informática para Internet
32012713,EEEFM PADRE ANTONIO VOLKERS,Marilândia,Administração
32068344,ESCOLA FAMILIA AGRICOLA DE MARILANDIA - MEPES,Marilândia,Agropecuária
32055820,CEEFMTI ANTONIO ACHA,Mimoso do Sul,Agronegócio
32055838,EEEFM MONSENHOR ELIAS TOMASI,Mimoso do Sul,Manutenção e Suporte em Informática
32107005,ESCOLA FAMILIA AGRICOLA DE BELO MONTE - MEPES,Mimoso do Sul,Agropecuária
32014627,CEEFMTI PROFESSOR ELPIDIO CAMPOS DE OLIVEIRA,Montanha,Informática para Internet
32014791,ESCOLA FAMILIA AGRICOLA DE VINHATICO - MEPES,Montanha,Agropecuária
32080956,IFES - CAMPUS MONTANHA,Montanha,Administração
32080956,IFES - CAMPUS MONTANHA,Montanha,Agropecuária
32049536,CEEFMTI BRAULIO FRANCO,Muniz Freire,Computação Gráfica
32050364,EEEFM ARQUIMIMO MATTOS,Muniz Freire,Administração
32057504,CEEFMTI SENADOR DIRCEU CARDOSO,Muqui,Meio Ambiente
32057504,CEEFMTI SENADOR DIRCEU CARDOSO,Muqui,Guia de Turismo
32057504,CEEFMTI SENADOR DIRCEU CARDOSO,Muqui,Redes de Computadores
32006349,EEEM DOM DANIEL COMBONI,Nova Venécia,Controle Ambiental
32006349,EEEM DOM DANIEL COMBONI,Nova Venécia,Química
32007094,ESCOLA FAMILIA AGRICOLA DE CHAPADINHA - MEPES,Nova Venécia,Agropecuária
32007175,EEEFM ALARICO JOSE DE LIMA,Nova Venécia,Agronegócio
32101856,IFES - CAMPUS NOVA VENECIA,Nova Venécia,Edificações
32101856,IFES - CAMPUS NOVA VENECIA,Nova Venécia,Mineração
32013272,EEEFM ARARIBOIA,Pancas,Agronegócio
32017243,EEEFM DR EDWARD ABREU DO NASCIMENTO,Pedro Canário,Logística
32015631,EEEM NOSSA SENHORA DE LOURDES,Pinheiros,Administração
32015631,EEEM NOSSA SENHORA DE LOURDES,Pinheiros,Informática para Internet
32044747,EEEFM PROFESSORA FILOMENA QUITIBA,Piúma,Administração
32044747,EEEFM PROFESSORA FILOMENA QUITIBA,Piúma,Logística
32078480,IFES - CAMPUS PIUMA,Piúma,"Outros - Eixo Turismo, hospitalidade e Lazer"
32078480,IFES - CAMPUS PIUMA,Piúma,Aquicultura
32078480,IFES - CAMPUS PIUMA,Piúma,Pesca
32015070,EEEFM PROF MARIA MAGDALENA DA SILVA,Ponto Belo,Vendas
32060920,EEEFM PRESIDENTE KENNEDY,Presidente Kennedy,Agronegócio
32025149,EEEFM BANANAL,Rio Bananal,Administração
32025149,EEEFM BANANAL,Rio Bananal,Agronegócio
32062222,ESCOLA FAMILIA AGRICOLA DE RIO BANANAL - MEPES,Rio Bananal,Agropecuária
32031661,EEEFM ALICE HOLZMEISTER,Santa Leopoldina,Administração
32031661,EEEFM ALICE HOLZMEISTER,Santa Leopoldina,Agronegócio
32032277,EEEFM GRACA ARANHA,Santa Maria de Jetibá,Meio Ambiente
32032277,EEEFM GRACA ARANHA,Santa Maria de Jetibá,Administração
32032277,EEEFM GRACA ARANHA,Santa Maria de Jetibá,Agronegócio
32032579,EEEFM FAZENDA EMILIO SCHROEDER,Santa Maria de Jetibá,Agropecuária
32032641,ESCOLA FAMILIA AGRICOLA DE SAO JOAO DO GARRAFAO - MEPES,Santa Maria de Jetibá,Agropecuária
32081340,IFES - CAMPUS CENTRO SERRANO,Santa Maria de Jetibá,Administração
32081340,IFES - CAMPUS CENTRO SERRANO,Santa Maria de Jetibá,Agricultura
32032951,EEEFM JOSE PINTO COELHO,Santa Teresa,Guia de Turismo
32033486,IFES - CAMPUS SANTA TERESA,Santa Teresa,Meio Ambiente
32033486,IFES - CAMPUS SANTA TERESA,Santa Teresa,Informática
32033486,IFES - CAMPUS SANTA TERESA,Santa Teresa,Agropecuária
32007876,CEEFMTI GOVERNADOR GERSON CAMATA,São Gabriel da Palha,Comércio Exterior
32007930,ESCOLA FAMILIA AGRICOLA DE ENSINO FUNDAMENTAL E MEDIO E EDUCACAO PROFISSIONAL DO BLEY - MEPES,São Gabriel da Palha,Agropecuária
32082274,EEEFM ILDA FERREIRA DA FONSECA MARTINS,São Gabriel da Palha,Administração
32082860,GRUPO DE ENSINO REFERENCIA EDUCACIONAL LTDA,São Gabriel da Palha,Enfermagem
32082860,GRUPO DE ENSINO REFERENCIA EDUCACIONAL LTDA,São Gabriel da Palha,Estética
32058268,EEEFM MERCES GARCIA VIEIRA,São José do Calçado,Manutenção e Suporte em Informática
32058268,EEEFM MERCES GARCIA VIEIRA,São José do Calçado,Segurança do Trabalho
32017952,EEEFM AMERICO SILVARES,São Mateus,Logística
32018096,EEEFM SANTO ANTONIO,São Mateus,Comércio
32018169,EEEM CECILIANO ABEL DE ALMEIDA,São Mateus,Administração
32018169,EEEM CECILIANO ABEL DE ALMEIDA,São Mateus,Secretariado
32018169,EEEM CECILIANO ABEL DE ALMEIDA,São Mateus,Outros - Eixo Informação e Comunicação
32018169,EEEM CECILIANO ABEL DE ALMEIDA,São Mateus,Produção de Áudio e Vídeo
32070594,ESCOLA MASTER,São Mateus,Enfermagem
32070594,ESCOLA MASTER,São Mateus,Eletrotécnica
32070594,ESCOLA MASTER,São Mateus,Mecânica
32070594,ESCOLA MASTER,São Mateus,Segurança do Trabalho
32077769,ESCOLA TECNICA SAO MATEUS,São Mateus,Mecânica
32077769,ESCOLA TECNICA SAO MATEUS,São Mateus,Segurança do Trabalho
32078722,EEEFM WALLACE CASTELLO DUTRA,São Mateus,Administração
32079605,IFES - CAMPUS SAO MATEUS,São Mateus,Eletrotécnica
32079605,IFES - CAMPUS SAO MATEUS,São Mateus,Mecânica
32083475,CENTRO DE EDUCACAO PROFISSIONAL SAO MATEUS,São Mateus,Eletroeletrônica
32083475,CENTRO DE EDUCACAO PROFISSIONAL SAO MATEUS,São Mateus,Eletromecânica
32083475,CENTRO DE EDUCACAO PROFISSIONAL SAO MATEUS,São Mateus,Eletrotécnica
32083475,CENTRO DE EDUCACAO PROFISSIONAL SAO MATEUS,São Mateus,Mecânica
32083475,CENTRO DE EDUCACAO PROFISSIONAL SAO MATEUS,São Mateus,Logística
32083475,CENTRO DE EDUCACAO PROFISSIONAL SAO MATEUS,São Mateus,Desenvolvimento de Sistemas
32083670,ESCOLA VALE DO CRICARE,São Mateus,Enfermagem
32083670,ESCOLA VALE DO CRICARE,São Mateus,Prótese Dentária
32083670,ESCOLA VALE DO CRICARE,São Mateus,Radiologia
32084030,SEST SENAT - C 123 SAO MATEUS,São Mateus,Logística
32033540,EEEFM DAVID ROLDI,São Roque do Canaã,Recursos Humanos
32035500,EEEFM PROFESSOR JOAO ANTUNES DAS DORES,Serra,Administração
32035500,EEEFM PROFESSOR JOAO ANTUNES DAS DORES,Serra,Logística
32035527,EEEM CLOVIS BORGES MIGUEL,Serra,Administração
32035527,EEEM CLOVIS BORGES MIGUEL,Serra,Marketing
32036523,EEEFM ROMULO CASTELLO,Serra,Gerência de Saúde
32036523,EEEFM ROMULO CASTELLO,Serra,Administração
32036523,EEEFM ROMULO CASTELLO,Serra,Logística
32036531,EEEFM SIZENANDO PECHINCHA,Serra,Administração
32036558,EEEFM BELMIRO TEIXEIRA PIMENTA,Serra,Manutenção e Suporte em Informática
32036558,EEEFM BELMIRO TEIXEIRA PIMENTA,Serra,Redes de Computadores
32036582,EEEFM PROF HILDA MIRANDA NASCIMENTO,Serra,Manutenção e Suporte em Informática
32036582,EEEFM PROF HILDA MIRANDA NASCIMENTO,Serra,Redes de Computadores
32037368,EEEFM ARISTOBULO BARBOSA LEAO,Serra,Administração
32037368,EEEFM ARISTOBULO BARBOSA LEAO,Serra,Logística
32065264,EEEFM FRANCISCA PEIXOTO MIGUEL,Serra,Administração
32065264,EEEFM FRANCISCA PEIXOTO MIGUEL,Serra,Informática para Internet
32074425,EEEFM ANTONIO JOSE PEIXOTO MIGUEL,Serra,Administração
32075979,IFES - CAMPUS SERRA,Serra,Automação Industrial
32075979,IFES - CAMPUS SERRA,Serra,Informática
32075979,IFES - CAMPUS SERRA,Serra,Informática para Internet
32075979,IFES - CAMPUS SERRA,Serra,Manutenção e Suporte em Informática
32075979,IFES - CAMPUS SERRA,Serra,Outros - Eixo Informação e Comunicação
32079320,ESCOLA TECNICA CEDTEC,Serra,Análises clínicas
32079320,ESCOLA TECNICA CEDTEC,Serra,Enfermagem
32079320,ESCOLA TECNICA CEDTEC,Serra,Prótese Dentária
32079320,ESCOLA TECNICA CEDTEC,Serra,Radiologia
32079320,ESCOLA TECNICA CEDTEC,Serra,Automação Industrial
32079320,ESCOLA TECNICA CEDTEC,Serra,Eletrotécnica
32079320,ESCOLA TECNICA CEDTEC,Serra,Mecânica
32079320,ESCOLA TECNICA CEDTEC,Serra,Administração
32079320,ESCOLA TECNICA CEDTEC,Serra,Logística
32079320,ESCOLA TECNICA CEDTEC,Serra,Desenvolvimento de Sistemas
32079320,ESCOLA TECNICA CEDTEC,Serra,Edificações
32079320,ESCOLA TECNICA CEDTEC,Serra,Segurança do Trabalho
32079877,SENAI ES - CENTRO DE EDUCACAO PROFISSIONAL JONES SANTOS NEVES,Serra,Eletroeletrônica
32079877,SENAI ES - CENTRO DE EDUCACAO PROFISSIONAL JONES SANTOS NEVES,Serra,Eletromecânica
32079877,SENAI ES - CENTRO DE EDUCACAO PROFISSIONAL JONES SANTOS NEVES,Serra,Eletrotécnica
32079877,SENAI ES - CENTRO DE EDUCACAO PROFISSIONAL JONES SANTOS NEVES,Serra,Mecânica
32079877,SENAI ES - CENTRO DE EDUCACAO PROFISSIONAL JONES SANTOS NEVES,Serra,Sistemas de Energia Renovável
32079877,SENAI ES - CENTRO DE EDUCACAO PROFISSIONAL JONES SANTOS NEVES,Serra,Desenvolvimento de Sistemas
32079877,SENAI ES - CENTRO DE EDUCACAO PROFISSIONAL JONES SANTOS NEVES,Serra,Plásticos
32081430,IDEA - INSTITUTO DE DESENVOLVIMENTO EDUCACIONAL E ASSESSORIA EIRELI ME,Serra,Enfermagem
32081430,IDEA - INSTITUTO DE DESENVOLVIMENTO EDUCACIONAL E ASSESSORIA EIRELI ME,Serra,Estética
32081430,IDEA - INSTITUTO DE DESENVOLVIMENTO EDUCACIONAL E ASSESSORIA EIRELI ME,Serra,Veterinária
32081430,IDEA - INSTITUTO DE DESENVOLVIMENTO EDUCACIONAL E ASSESSORIA EIRELI ME,Serra,Eletrotécnica
32081430,IDEA - INSTITUTO DE DESENVOLVIMENTO EDUCACIONAL E ASSESSORIA EIRELI ME,Serra,Mecânica
32081430,IDEA - INSTITUTO DE DESENVOLVIMENTO EDUCACIONAL E ASSESSORIA EIRELI ME,Serra,Administração
32081430,IDEA - INSTITUTO DE DESENVOLVIMENTO EDUCACIONAL E ASSESSORIA EIRELI ME,Serra,Logística
32081430,IDEA - INSTITUTO DE DESENVOLVIMENTO EDUCACIONAL E ASSESSORIA EIRELI ME,Serra,Segurança do Trabalho
32081618,CEEFMTI JOAQUIM BEATO,Serra,Administração
32082070,CEDTEC ENSINO E SOLUCOES DIDATICAS LTDA,Serra,Enfermagem
32082070,CEDTEC ENSINO E SOLUCOES DIDATICAS LTDA,Serra,Meio Ambiente
32082070,CEDTEC ENSINO E SOLUCOES DIDATICAS LTDA,Serra,Radiologia
32082070,CEDTEC ENSINO E SOLUCOES DIDATICAS LTDA,Serra,Automação Industrial
32082070,CEDTEC ENSINO E SOLUCOES DIDATICAS LTDA,Serra,Eletrotécnica
32082070,CEDTEC ENSINO E SOLUCOES DIDATICAS LTDA,Serra,Mecânica
32082070,CEDTEC ENSINO E SOLUCOES DIDATICAS LTDA,Serra,Refrigeração e Climatização
32082070,CEDTEC ENSINO E SOLUCOES DIDATICAS LTDA,Serra,Administração
32082070,CEDTEC ENSINO E SOLUCOES DIDATICAS LTDA,Serra,Contabilidade
32082070,CEDTEC ENSINO E SOLUCOES DIDATICAS LTDA,Serra,Finanças
32082070,CEDTEC ENSINO E SOLUCOES DIDATICAS LTDA,Serra,Logística
32082070,CEDTEC ENSINO E SOLUCOES DIDATICAS LTDA,Serra,Recursos Humanos
32082070,CEDTEC ENSINO E SOLUCOES DIDATICAS LTDA,Serra,Transações Imobiliárias
32082070,CEDTEC ENSINO E SOLUCOES DIDATICAS LTDA,Serra,Edificações
32082070,CEDTEC ENSINO E SOLUCOES DIDATICAS LTDA,Serra,Design de Interiores
32082070,CEDTEC ENSINO E SOLUCOES DIDATICAS LTDA,Serra,Segurança do Trabalho
32082789,GRAUSERRA EDUCACIONAL LTDA,Serra,Análises clínicas
32082789,GRAUSERRA EDUCACIONAL LTDA,Serra,Enfermagem
32082789,GRAUSERRA EDUCACIONAL LTDA,Serra,Farmácia
32082789,GRAUSERRA EDUCACIONAL LTDA,Serra,Radiologia
32082789,GRAUSERRA EDUCACIONAL LTDA,Serra,Eletroeletrônica
32082789,GRAUSERRA EDUCACIONAL LTDA,Serra,Eletrotécnica
32082789,GRAUSERRA EDUCACIONAL LTDA,Serra,Mecânica
32082789,GRAUSERRA EDUCACIONAL LTDA,Serra,Administração
32023014,EEEFM ARMANDO BARBOSA QUITIBA,Sooretama,Meio Ambiente
32023014,EEEFM ARMANDO BARBOSA QUITIBA,Sooretama,Informática para Internet
32023014,EEEFM ARMANDO BARBOSA QUITIBA,Sooretama,Agronegócio
32058918,EEEFM PRESIDENTE LUEBKE,Vargem Alta,Administração
32083823,CEET GIUSEPPE ALTOE,Vargem Alta,Cooperativismo
32030177,EEEFM FIORAVANTE CALIMAN,Venda Nova do Imigrante,Informática para Internet
32115032,IFES - CAMPUS VENDA NOVA DO IMIGRANTE,Venda Nova do Imigrante,Administração
32115032,IFES - CAMPUS VENDA NOVA DO IMIGRANTE,Venda Nova do Imigrante,Agroindústria
32037775,EEEFM MARIA DE NOVAES PINHEIRO,Viana,Administração
32037775,EEEFM MARIA DE NOVAES PINHEIRO,Viana,Logística
32037791,EEEFM NELSON VIEIRA PIMENTEL,Viana,Gerência de Saúde
32037791,EEEFM NELSON VIEIRA PIMENTEL,Viana,Administração
32037791,EEEFM NELSON VIEIRA PIMENTEL,Viana,Logística
32065043,CEEFMTI EWERTON MONTENEGRO GUIMARAES,Viana,Manutenção e Suporte em Informática
32081804,IFES - CAMPUS AVANCADO VIANA,Viana,Logística
32007000,CEIER DE VILA PAVAO,Vila Pavão,Agropecuária
32038496,EEEFM FRANCELINA CARNEIRO SETUBAL,Vila Velha,Administração
32038496,EEEFM FRANCELINA CARNEIRO SETUBAL,Vila Velha,Condomínio
32038496,EEEFM FRANCELINA CARNEIRO SETUBAL,Vila Velha,Transações Imobiliárias
32038500,EEEFM LUIZ MANOEL VELLOZO,Vila Velha,Design de Interiores
32038500,EEEFM LUIZ MANOEL VELLOZO,Vila Velha,Multimídia
32038534,EEEFM PROF GERALDO COSTA ALVES,Vila Velha,Administração
32038534,EEEFM PROF GERALDO COSTA ALVES,Vila Velha,Design Gráfico
32038569,CEET VASCO COUTINHO,Vila Velha,Estética
32038569,CEET VASCO COUTINHO,Vila Velha,Administração
32038569,CEET VASCO COUTINHO,Vila Velha,Logística
32038569,CEET VASCO COUTINHO,Vila Velha,Gastronomia
32038569,CEET VASCO COUTINHO,Vila Velha,Eventos
32038569,CEET VASCO COUTINHO,Vila Velha,Informática
32038569,CEET VASCO COUTINHO,Vila Velha,Programação de Jogos Digitais
32038569,CEET VASCO COUTINHO,Vila Velha,Redes de Computadores
32038569,CEET VASCO COUTINHO,Vila Velha,Modelagem do Vestuário
32038569,CEET VASCO COUTINHO,Vila Velha,Multimídia
32038569,CEET VASCO COUTINHO,Vila Velha,Produção de Moda
32038569,CEET VASCO COUTINHO,Vila Velha,Rádio e Televisão
32038941,EEEM DR FRANCISCO FREITAS LIMA,Vila Velha,Logística
32038941,EEEM DR FRANCISCO FREITAS LIMA,Vila Velha,Recursos Humanos
32038941,EEEM DR FRANCISCO FREITAS LIMA,Vila Velha,Segurança do Trabalho
32039085,EEEM BENICIO GONCALVES,Vila Velha,Administração
32039085,EEEM BENICIO GONCALVES,Vila Velha,Publicidade
32039352,CEEFMTI ASSISOLINA ASSIS ANDRADE,Vila Velha,Informática para Internet
32039395,ESCOLA DE EDUCACACAO BASICA E PROFISSIONAL DOUTOR RONALDO YOUNG CARNEIRO DA ROCHA,Vila Velha,Administração
32039409,EEEFM FLORENTINO AVIDOS,Vila Velha,Comércio
32039409,EEEFM FLORENTINO AVIDOS,Vila Velha,Recursos Humanos
32039417,CEEFMTI PROFESSORA MAURA ABAURRE,Vila Velha,Produção de Áudio e Vídeo
32039654,CAT ARLETHE ZORZANELLI BUAIZ,Vila Velha,Edificações
32039654,CAT ARLETHE ZORZANELLI BUAIZ,Vila Velha,Produção de Moda
32039867,EEEM ORMANDA GONCALVES,Vila Velha,Logística
32039867,EEEM ORMANDA GONCALVES,Vila Velha,Manutenção e Suporte em Informática
32039867,EEEM ORMANDA GONCALVES,Vila Velha,Redes de Computadores
32062648,EEEM PROFESSOR AGENOR RORIS,Vila Velha,Marketing
32062648,EEEM PROFESSOR AGENOR RORIS,Vila Velha,Manutenção e Suporte em Informática
32065523,SENAI ES - CENTRO DE EDUCACAO PROFISSIONAL HELCIO REZENDE DIAS,Vila Velha,Eletrotécnica
32065523,SENAI ES - CENTRO DE EDUCACAO PROFISSIONAL HELCIO REZENDE DIAS,Vila Velha,Edificações
32065523,SENAI ES - CENTRO DE EDUCACAO PROFISSIONAL HELCIO REZENDE DIAS,Vila Velha,Alimentos
32076606,CE RADIER,Vila Velha,Enfermagem
32076606,CE RADIER,Vila Velha,Eletrotécnica
32076606,CE RADIER,Vila Velha,Informática
32078153,CFT - CENTRO DE FORMACAO TECNICA LTDA ME,Vila Velha,Enfermagem
32078153,CFT - CENTRO DE FORMACAO TECNICA LTDA ME,Vila Velha,Radiologia
32078153,CFT - CENTRO DE FORMACAO TECNICA LTDA ME,Vila Velha,Segurança do Trabalho
32078498,IFES - CAMPUS VILA VELHA,Vila Velha,Química
32079230,EEEM MARIO GURGEL,Vila Velha,Informática para Internet
32079230,EEEM MARIO GURGEL,Vila Velha,Manutenção e Suporte em Informática
32080760,CENTRO TECNICO PROFISSIONALIZANTE NOVO MILENIO,Vila Velha,Enfermagem
32080760,CENTRO TECNICO PROFISSIONALIZANTE NOVO MILENIO,Vila Velha,Podologia
32080760,CENTRO TECNICO PROFISSIONALIZANTE NOVO MILENIO,Vila Velha,Eletroeletrônica
32080760,CENTRO TECNICO PROFISSIONALIZANTE NOVO MILENIO,Vila Velha,Administração
32080760,CENTRO TECNICO PROFISSIONALIZANTE NOVO MILENIO,Vila Velha,Informática
32080760,CENTRO TECNICO PROFISSIONALIZANTE NOVO MILENIO,Vila Velha,Edificações
32080760,CENTRO TECNICO PROFISSIONALIZANTE NOVO MILENIO,Vila Velha,Segurança do Trabalho
32081308,EEEFM CORA CORALINA,Vila Velha,Logística
32081634,CEEFMTI PASTOR OLIVEIRA DE ARAUJO,Vila Velha,Manutenção e Suporte em Informática
32083084,GRAU TECNICO UNIDADE VILA VELHA,Vila Velha,Enfermagem
32083084,GRAU TECNICO UNIDADE VILA VELHA,Vila Velha,Radiologia
32083084,GRAU TECNICO UNIDADE VILA VELHA,Vila Velha,Eletrotécnica
32083084,GRAU TECNICO UNIDADE VILA VELHA,Vila Velha,Administração
32083386,ESCOLA NOVO MILENIO,Vila Velha,Ensino Médio - Curso Normal/Magistério
32040008,CE DOM FERNANDO,Vitória,Transações Imobiliárias
32040067,EEEM COLEGIO ESTADUAL DO ESPIRITO SANTO,Vitória,Outros - Eixo Informação e Comunicação
32040334,EEEFM IRMA MARIA HORTA,Vitória,Manutenção e Suporte em Informática
32040695,EEEFM AFLORDIZIO CARVALHO DA SILVA,Vitória,Gerência de Saúde
32040695,EEEFM AFLORDIZIO CARVALHO DA SILVA,Vitória,Administração
32040725,EEEFM MAJOR ALFREDO PEDRO RABAYOLLI,Vitória,Administração
32040725,EEEFM MAJOR ALFREDO PEDRO RABAYOLLI,Vitória,Logística
32040725,EEEFM MAJOR ALFREDO PEDRO RABAYOLLI,Vitória,Informática para Internet
32040784,CEEMTI PROF FERNANDO DUARTE RABELO,Vitória,Comércio Exterior
32040784,CEEMTI PROF FERNANDO DUARTE RABELO,Vitória,Recursos Humanos
32040784,CEEMTI PROF FERNANDO DUARTE RABELO,Vitória,Manutenção e Suporte em Informática
32041209,IFES - CAMPUS VITORIA,Vitória,Meio Ambiente
32041209,IFES - CAMPUS VITORIA,Vitória,Eletrotécnica
32041209,IFES - CAMPUS VITORIA,Vitória,Mecânica
32041209,IFES - CAMPUS VITORIA,Vitória,Metalurgia
32041209,IFES - CAMPUS VITORIA,Vitória,Guia de Turismo
32041209,IFES - CAMPUS VITORIA,Vitória,Hospedagem
32041209,IFES - CAMPUS VITORIA,Vitória,"Outros - Eixo Turismo, hospitalidade e Lazer"
32041209,IFES - CAMPUS VITORIA,Vitória,Edificações
32041209,IFES - CAMPUS VITORIA,Vitória,Estradas
32041209,IFES - CAMPUS VITORIA,Vitória,Geoprocessamento
32041209,IFES - CAMPUS VITORIA,Vitória,Segurança do Trabalho
32041390,CAT JOSE TARQUINIO SILVA,Vitória,Outros - Eixo Controle e Processos Industriais
32041390,CAT JOSE TARQUINIO SILVA,Vitória,Programação de Jogos Digitais
32041390,CAT JOSE TARQUINIO SILVA,Vitória,Outros - Eixo Segurança
32041560,EEEFM ALMIRANTE BARROSO,Vitória,Administração
32041560,EEEFM ALMIRANTE BARROSO,Vitória,Logística
32041560,EEEFM ALMIRANTE BARROSO,Vitória,Redes de Computadores
32041640,EEEM ARNULPHO MATTOS,Vitória,Automação Industrial
32041640,EEEM ARNULPHO MATTOS,Vitória,Eletrotécnica
32041640,EEEM ARNULPHO MATTOS,Vitória,Mecânica
32041640,EEEM ARNULPHO MATTOS,Vitória,Sistemas de Energia Renovável
32041640,EEEM ARNULPHO MATTOS,Vitória,Administração
32041640,EEEM ARNULPHO MATTOS,Vitória,Segurança do Trabalho
32063199,EEEFM ELZA LEMOS ANDREATTA,Vitória,Administração
32065124,INSTITUTO DE ENSINO HUMBOLDT,Vitória,Análises clínicas
32065124,INSTITUTO DE ENSINO HUMBOLDT,Vitória,Enfermagem
32067682,SERVICO NACIONAL DE APRENDIZAGEM COMERCIAL - SENAC,Vitória,Enfermagem
32067682,SERVICO NACIONAL DE APRENDIZAGEM COMERCIAL - SENAC,Vitória,Estética
32067682,SERVICO NACIONAL DE APRENDIZAGEM COMERCIAL - SENAC,Vitória,Podologia
32067682,SERVICO NACIONAL DE APRENDIZAGEM COMERCIAL - SENAC,Vitória,Administração
32067682,SERVICO NACIONAL DE APRENDIZAGEM COMERCIAL - SENAC,Vitória,Logística
32067682,SERVICO NACIONAL DE APRENDIZAGEM COMERCIAL - SENAC,Vitória,Recursos Humanos
32067682,SERVICO NACIONAL DE APRENDIZAGEM COMERCIAL - SENAC,Vitória,Informática
32067682,SERVICO NACIONAL DE APRENDIZAGEM COMERCIAL - SENAC,Vitória,Informática para Internet
32067682,SERVICO NACIONAL DE APRENDIZAGEM COMERCIAL - SENAC,Vitória,Programação de Jogos Digitais
32067682,SERVICO NACIONAL DE APRENDIZAGEM COMERCIAL - SENAC,Vitória,Desenvolvimento de Sistemas
32067682,SERVICO NACIONAL DE APRENDIZAGEM COMERCIAL - SENAC,Vitória,Design de Interiores
32067682,SERVICO NACIONAL DE APRENDIZAGEM COMERCIAL - SENAC,Vitória,Segurança do Trabalho
32067682,SERVICO NACIONAL DE APRENDIZAGEM COMERCIAL - SENAC,Vitória,Outros - Eixo Segurança
32068956,ESCOLA TECNICA DE SAUDE DO ES - ETESES,Vitória,Enfermagem
32068956,ESCOLA TECNICA DE SAUDE DO ES - ETESES,Vitória,Estética
32068956,ESCOLA TECNICA DE SAUDE DO ES - ETESES,Vitória,Radiologia
32068956,ESCOLA TECNICA DE SAUDE DO ES - ETESES,Vitória,Administração
32068956,ESCOLA TECNICA DE SAUDE DO ES - ETESES,Vitória,Logística
32068956,ESCOLA TECNICA DE SAUDE DO ES - ETESES,Vitória,Segurança do Trabalho
32070144,SENAI ES - CENTRO DE EDUCACAO E TECNOLOGIA ARIVALDO FONTES,Vitória,Automação Industrial
32070144,SENAI ES - CENTRO DE EDUCACAO E TECNOLOGIA ARIVALDO FONTES,Vitória,Eletroeletrônica
32070144,SENAI ES - CENTRO DE EDUCACAO E TECNOLOGIA ARIVALDO FONTES,Vitória,Eletrotécnica
32070144,SENAI ES - CENTRO DE EDUCACAO E TECNOLOGIA ARIVALDO FONTES,Vitória,Manutenção Automotiva
32070144,SENAI ES - CENTRO DE EDUCACAO E TECNOLOGIA ARIVALDO FONTES,Vitória,Mecânica
32070144,SENAI ES - CENTRO DE EDUCACAO E TECNOLOGIA ARIVALDO FONTES,Vitória,Informática para Internet
32070144,SENAI ES - CENTRO DE EDUCACAO E TECNOLOGIA ARIVALDO FONTES,Vitória,Programação de Jogos Digitais
32070144,SENAI ES - CENTRO DE EDUCACAO E TECNOLOGIA ARIVALDO FONTES,Vitória,Desenvolvimento de Sistemas
32070144,SENAI ES - CENTRO DE EDUCACAO E TECNOLOGIA ARIVALDO FONTES,Vitória,Outros - Eixo Informação e Comunicação
32079338,EEEM PROF RENATO JOSE DA COSTA PACHECO,Vitória,Controle Ambiental
32079338,EEEM PROF RENATO JOSE DA COSTA PACHECO,Vitória,Marketing
32079338,EEEM PROF RENATO JOSE DA COSTA PACHECO,Vitória,Redes de Computadores
32080158,ORAL PROTESE LTDA ME,Vitória,Órteses e Próteses
32080158,ORAL PROTESE LTDA ME,Vitória,Prótese Dentária
32081901,IFES - CEFOR,Vitória,Multimeios Didáticos
32081944,FORMAR BRASIL - INSTITUTO NACIONAL DE EAD,Vitória,Transações Imobiliárias
32084250,CENTRO TECNICO EDUCARE,Vitória,Administração
